{
  "model_version": "1.0.0",
  "model_name": "Improved Model (Calibrated)",
  "feature_count": 38,
  "created_at": "2025-04-29T14:44:10.752069",
  "optimal_threshold": 0.40997559825579327,
  "model_metrics": {
    "precision": 0.5450019912385504,
    "recall": 0.3888888888888889,
    "f1": 0.45389718076285246,
    "f_beta": 0.5044975300449752,
    "false_positives": 4570
  }
}